2009-06-22 20:48:40	http://twitter.com/glhoffman	RT @wwds What Would Dad Say » Copy and Paste Twitterers: 7 Groups You Need to Follow Today http://tinyurl.com/lu2q83 (via @tweetmeme) (via @tweetmeme)
2009-06-19 03:57:38	http://twitter.com/gurnumsbug	I love my SG!!!! http://removed.com/7rvmz
2009-06-30 07:01:17	http://twitter.com/luckychild	@MSPRETTYPRETTY how is da party
2009-06-30 11:43:45	http://twitter.com/luckychild	@boydchan ten days!!
2009-06-21 01:05:45	http://twitter.com/psychicer	【アンダカの怪造学(3) デンジャラス・アイ (角川スニーカー文庫)】夢見る少女と、その少女に夢を与え、自らもその夢を追って夢に裏切られた少年の戦いの話。やはりひとつの物事に対して... http://book.akahos***akuya.com/b/4044810036
2009-06-22 20:48:40	http://twitter.com/glhoffman	RT @wwds What Would Dad Say » Copy and Paste Twitterers: 7 Groups You Need to Follow Today http://tinyurl.com/lu2q83 (via @tweetmeme) (via @tweetmeme)
2009-06-19 03:57:38	http://twitter.com/gurnumsbug	I love my SG!!!! http://removed.com/7rvmz
2009-06-30 07:01:17	http://twitter.com/luckychild	@MSPRETTYPRETTY how is da party
2009-06-30 11:43:45	http://twitter.com/luckychild	@boydchan ten days!!
2009-06-21 01:05:45	http://twitter.com/psychicer	【アンダカの怪造学(3) デンジャラス・アイ (角川スニーカー文庫)】夢見る少女と、その少女に夢を与え、自らもその夢を追って夢に裏切られた少年の戦いの話。やはりひとつの物事に対して... http://book.akahos***akuya.com/b/4044810036
2009-06-22 20:48:40	http://twitter.com/glhoffman	RT @wwds What Would Dad Say » Copy and Paste Twitterers: 7 Groups You Need to Follow Today http://tinyurl.com/lu2q83 (via @tweetmeme) (via @tweetmeme)
2009-06-19 03:57:38	http://twitter.com/gurnumsbug	I love my SG!!!! http://removed.com/7rvmz
2009-06-30 07:01:17	http://twitter.com/luckychild	@MSPRETTYPRETTY how is da party
2009-06-30 11:43:45	http://twitter.com/luckychild	@boydchan ten days!!
2009-06-21 01:05:45	http://twitter.com/psychicer	【アンダカの怪造学(3) デンジャラス・アイ (角川スニーカー文庫)】夢見る少女と、その少女に夢を与え、自らもその夢を追って夢に裏切られた少年の戦いの話。やはりひとつの物事に対して... http://book.akahos***akuya.com/b/4044810036